{"train/loss":0.36910882592201233,"train/response_length":305.578125,"train/lr":5.869565313787461e-07,"train/grad_norm":9.171343326568604,"train/student_train_time":8.846328735351562,"train/teacher_fwd_time":90.48551797866821,"_timestamp":1.7761526371047614e+09,"train/total_length":583.46875,"_runtime":1460,"train/global_step":7,"_wandb":{"runtime":1460},"_step":6,"train/weight_update_time":0.40658140182495117,"train/rollout_time":23.71652626991272,"train/kd_loss":0.36910882592201233}