{"_step":9,"train/rollout_time":27.218188524246216,"train/global_step":10,"train/lr":5.571428687289881e-07,"_wandb":{"runtime":503},"train/kd_loss":0.12213409319519997,"train/teacher_update_time":0.1550743579864502,"train/loss":0.12213409319519997,"train/student_train_time":9.002363681793213,"_runtime":503,"_timestamp":1.7762066321821609e+09,"train/teacher_fwd_time":4.386214256286621,"train/total_length":591.828125,"train/grad_norm":4.615203380584717,"train/response_length":313.53125}