{"train/teacher_fwd_time":92.36108207702637,"train/student_train_time":8.34669804573059,"_timestamp":1.7761449927401667e+09,"train/response_length":269.5,"train/rollout_time":10.69166088104248,"_step":2,"train/grad_norm":12.748246192932129,"_runtime":526,"_wandb":{"runtime":526},"train/total_length":539.90625,"train/lr":2.3913043634138376e-07,"train/global_step":3,"train/kd_loss":0.4080811142921448,"train/loss":0.4080811142921448,"train/weight_update_time":0.7865123748779297}