{"train/lr":1.0006395712025551e-08,"train/grad_norm":2.0610185265541077,"train/student_train_time":8.39391279220581,"_step":229,"train/global_step":230,"train/rollout_time":19.257145643234253,"train/loss":0.20775729417800903,"_timestamp":1.7761941428504567e+09,"train/kd_loss":0.20775729417800903,"train/response_length":284.953125,"train/total_length":556.78125,"_runtime":29153,"_wandb":{"runtime":29153},"train/teacher_fwd_time":92.08945393562317}