{"train/global_step":7,"train/gen_len":320,"_step":6,"_wandb":{"runtime":1191},"train/lr":1.1739130627574923e-06,"_timestamp":1.7745373921991823e+09,"train/tot_len":593,"train/student_train_time":14.542722702026367,"train/kd_loss":0.3038030341267586,"train/loss":0.3038030341267586,"train/weight_update_time":4.0531158447265625e-06,"train/teacher_fwd_time":73.75568842887878,"_runtime":1191,"train/rollout_time":46.6514892578125}