{"train/completions/mean_length":231.125,"train/sampling/importance_sampling_ratio/max":1.0591833591461182,"train/loss":-0.0106,"train/frac_reward_zero_std":0.25,"profiling/Time taken: GRPOTrainer.vLLM.generate":11.497278334001749,"profiling/Time taken: GRPOTrainer.format_reward_func":0.00024936900081229396,"train/completions/clipped_ratio":0,"train/num_tokens":179070,"train/completions/mean_terminated_length":231.125,"train/completions/max_terminated_length":454,"profiling/Time taken: GRPOTrainer.int_answer_reward_func":0.0002581190019554924,"profiling/Time taken: GRPOTrainer._get_per_token_logps_and_entropies":0.27855269200154,"train/reward":2.206249952316284,"train/rewards/correctness_reward_func/mean":0.75,"_runtime":127,"train/rewards/format_reward_func/mean":0.956250011920929,"train/clip_ratio/high_mean":0.0018929151119664311,"_timestamp":1.7745246117123137e+09,"train/completions/min_length":72,"train/completions/min_terminated_length":72,"train/rewards/correctness_reward_func/std":1,"train/reward_std":1.0491067171096802,"train/sampling/importance_sampling_ratio/mean":0.21352623403072357,"train/epoch":0.010303687635574838,"train/clip_ratio/region_mean":0.005678745452314615,"train/sampling/sampling_logp_difference/max":0.8876843452453613,"train/rewards/int_answer_reward_func/mean":0.5,"profiling/Time taken: GRPOTrainer._calculate_rewards":0.003402747002837714,"train/grad_norm":0.6796875,"_wandb":{"runtime":127},"train/clip_ratio/low_mean":0.0037858302239328623,"train/sampling/sampling_logp_difference/mean":0.018485799431800842,"train/clip_ratio/high_max":0.0018929151119664311,"train/learning_rate":2.9268292682926833e-06,"profiling/Time taken: GRPOTrainer.correctness_reward_func":0.0009823149994190317,"_step":218,"train/clip_ratio/low_min":0.0037858302239328623,"profiling/Time taken: GRPOTrainer.sync_weights":0.3080260429996997,"train/global_step":19,"train/sampling/importance_sampling_ratio/min":0.008296051993966103,"train/rewards/format_reward_func/std":0.17499999701976776,"train/entropy":0.11943703889846802,"train/rewards/int_answer_reward_func/std":0,"profiling/Time taken: GRPOTrainer.compute_loss":0.2792297050000343,"profiling/Time taken: GRPOTrainer._prepare_inputs":15.244289449001371,"train/completions/max_length":454,"train/step_time":4.075028454000858}