{"train/total_length":535.640625,"train/student_train_time":8.369748592376709,"_step":2,"train/global_step":3,"_wandb":{"runtime":537},"train/kd_loss":0.40054386854171753,"train/lr":2.3913043634138376e-07,"_runtime":537,"train/rollout_time":12.34632158279419,"train/loss":0.40054386854171753,"_timestamp":1.7761314825620162e+09,"train/grad_norm":11.682240962982178,"train/weight_update_time":0.7252013683319092,"train/response_length":265.25,"train/teacher_fwd_time":91.40026879310608}