{"train/total_length":1701.90625,"train/lr":8.571428367076805e-08,"_runtime":300,"train/rollout_time":110.25659918785095,"train/grad_norm":0.5863105356693268,"train/loss":0.030620386824011803,"_step":0,"train/student_train_time":40.65940856933594,"_wandb":{"runtime":300},"train/teacher_fwd_time":13.964902400970459,"train/response_length":1419.1875,"train/global_step":1,"train/kd_loss":0.030620386824011803,"_timestamp":1.7762396568343146e+09}