{"train/step_time":3.0422403360025783,"profiling/Time taken: GRPOTrainer._calculate_rewards":0.0026522920015850104,"profiling/Time taken: GRPOTrainer.compute_loss":0.16332422299819882,"train/entropy":0.15570129454135895,"profiling/Time taken: GRPOTrainer.format_reward_func":0.0002112180009135045,"train/num_tokens":58104,"train/reward_std":1.656157374382019,"train/sampling/sampling_logp_difference/mean":0.022528262808918953,"train/sampling/importance_sampling_ratio/max":0.20001432299613953,"train/reward":2.299999952316284,"train/rewards/format_reward_func/std":0.36228442192077637,"profiling/Time taken: GRPOTrainer._get_per_token_logps_and_entropies":0.0977591510018101,"train/completions/min_terminated_length":158,"train/rewards/format_reward_func/mean":0.737500011920929,"train/clip_ratio/high_mean":0.0004444444493856281,"train/clip_ratio/low_min":0.002222222276031971,"train/sampling/importance_sampling_ratio/mean":0.0645495057106018,"train/loss":0.0002,"train/completions/max_length":388,"train/frac_reward_zero_std":0.5,"train/completions/min_length":158,"train/epoch":0.0032537960954446853,"_runtime":59,"profiling/Time taken: GRPOTrainer.correctness_reward_func":0.0009717840002849698,"train/completions/clipped_ratio":0,"train/clip_ratio/low_mean":0.002222222276031971,"train/global_step":12,"train/rewards/correctness_reward_func/std":1.0350984334945679,"train/completions/max_terminated_length":388,"profiling/Time taken: GRPOTrainer._prepare_inputs":1.0794401790008123,"train/completions/mean_terminated_length":281.25,"train/clip_ratio/high_max":0.0004444444493856281,"train/completions/mean_length":281.25,"train/rewards/int_answer_reward_func/std":0.25877460837364197,"train/sampling/importance_sampling_ratio/min":0.004765323828905821,"train/rewards/correctness_reward_func/mean":1.25,"train/sampling/sampling_logp_difference/max":0.7757551074028015,"_wandb":{"runtime":59},"profiling/Time taken: GRPOTrainer.sync_weights":0.40347391400064225,"_timestamp":1.7745235929559975e+09,"train/grad_norm":0.043212890625,"train/rewards/int_answer_reward_func/mean":0.3125,"train/clip_ratio/region_mean":0.0026666666381061077,"_step":134,"train/learning_rate":8.943089430894309e-07,"profiling/Time taken: GRPOTrainer.vLLM.generate":0.6704890700020769,"profiling/Time taken: GRPOTrainer.int_answer_reward_func":0.00019053799769608304}