{"train/response_length":293.203125,"train/grad_norm":2.501445174217224,"train/kd_loss":0.24323298037052155,"train/loss":0.24323298037052155,"_runtime":2684,"train/rollout_time":15.686511754989624,"train/total_length":564.859375,"_wandb":{"runtime":2684},"train/global_step":21,"train/student_train_time":8.711081504821777,"train/teacher_fwd_time":90.99069619178772,"_timestamp":1.7761489626559002e+09,"_step":20,"train/lr":9.956254984899715e-07}