{"train/global_step":115,"train/loss":0.2652416527271271,"train/rollout_time":36.514365673065186,"train/weight_update_time":5.245208740234375e-06,"_wandb":{"runtime":16578},"_runtime":16578,"_timestamp":1.7745798503209877e+09,"train/kd_loss":0.2652416527271271,"train/lr":1.0025699381799313e-08,"train/tot_len":631.25,"train/student_train_time":14.181849241256714,"train/teacher_fwd_time":74.80839943885803,"train/gen_len":339.75,"_step":114}