{"train/kd_loss":0.003115937579423189,"_timestamp":1.7762776905767827e+09,"train/rollout_time":179.5106372833252,"_step":83,"_runtime":24337,"train/response_length":1248.00390625,"train/lr":1.0211086309830364e-08,"_wandb":{"runtime":24337},"train/loss":0.003115937579423189,"train/student_train_time":78.0209128856659,"train/teacher_fwd_time":18.695785999298096,"train/global_step":84,"train/total_length":1514.51953125,"train/grad_norm":0.06468167388811707}