{"train/clip_ratio/low_min":0.0013100436190143228,"train/frac_reward_zero_std":0,"train/global_step":35,"profiling/Time taken: GRPOTrainer.sync_weights":0.4069342600014352,"train/sampling/importance_sampling_ratio/min":0.0031131787691265345,"train/rewards/correctness_reward_func/std":1.0690449476242065,"train/rewards/format_reward_func/mean":0.737500011920929,"train/completions/min_length":85,"train/completions/max_terminated_length":599,"train/completions/min_terminated_length":85,"train/sampling/importance_sampling_ratio/mean":0.1839616298675537,"_timestamp":1.7745240322792985e+09,"profiling/Time taken: GRPOTrainer._prepare_inputs":0.8496558009974251,"train/rewards/int_answer_reward_func/mean":0.3125,"train/clip_ratio/high_mean":0.005240174476057291,"train/clip_ratio/high_max":0.005240174476057291,"train/sampling/sampling_logp_difference/mean":0.01835712417960167,"train/rewards/format_reward_func/std":0.36228442192077637,"train/entropy":0.11554115265607834,"train/learning_rate":2.7642276422764227e-06,"profiling/Time taken: GRPOTrainer.format_reward_func":0.00015675299800932407,"profiling/Time taken: GRPOTrainer._get_per_token_logps_and_entropies":0.09698924600161263,"_runtime":142,"profiling/Time taken: GRPOTrainer.compute_loss":0.2205512109976553,"profiling/Time taken: GRPOTrainer.vLLM.generate":0.4378408520024095,"train/epoch":0.009490238611713666,"train/reward":2.049999952316284,"train/step_time":4.176435257002595,"train/completions/max_length":599,"profiling/Time taken: GRPOTrainer.correctness_reward_func":0.0007266659995366354,"train/sampling/sampling_logp_difference/max":0.582319438457489,"train/completions/clipped_ratio":0,"profiling/Time taken: GRPOTrainer._calculate_rewards":0.0029843399970559403,"train/clip_ratio/region_mean":0.006550218444317579,"train/rewards/int_answer_reward_func/std":0.25877460837364197,"train/completions/mean_length":286.25,"train/loss":0.0673,"train/rewards/correctness_reward_func/mean":1,"train/grad_norm":1.3515625,"_wandb":{"runtime":142},"train/sampling/importance_sampling_ratio/max":0.40721532702445984,"train/clip_ratio/low_mean":0.0013100436190143228,"profiling/Time taken: GRPOTrainer.int_answer_reward_func":0.0001640820009924937,"train/reward_std":1.5991069078445435,"train/completions/mean_terminated_length":286.25,"_step":387,"train/num_tokens":166261}