{"train/global_step":11,"_wandb":{"runtime":1860},"train/loss":0.015474588610231876,"train/kd_loss":0.015474588610231876,"train/rollout_time":143.00155115127563,"_runtime":1860,"train/response_length":1519.515625,"train/grad_norm":0.3106938302516937,"train/teacher_fwd_time":8.19423508644104,"train/total_length":1779.265625,"_timestamp":1.7762462431288714e+09,"train/lr":1.2285714774407097e-06,"train/student_train_time":19.41055464744568,"_step":10}