{"train/kd_loss":0.29918932914733887,"train/rollout_time":36.46428561210632,"train/teacher_fwd_time":50.26548457145691,"train/lr":6.739130355981615e-07,"_runtime":1008,"_step":7,"train/global_step":8,"train/weight_update_time":4.291534423828125e-06,"train/tot_len":586.5,"train/gen_len":286.375,"_wandb":{"runtime":1008},"train/student_train_time":10.359868288040161,"_timestamp":1.7745347473304393e+09,"train/loss":0.29918932914733887}