{"_step":2,"_wandb":{"runtime":1134},"train/global_step":3,"train/lr":4.782608726827675e-07,"train/student_train_time":14.06444787979126,"train/tot_len":568.75,"_timestamp":1.7745359966776636e+09,"_runtime":1134,"train/gen_len":303.25,"train/kd_loss":0.4065455049276352,"train/loss":0.4065455049276352,"train/weight_update_time":4.5299530029296875e-06,"train/rollout_time":25.171815395355225,"train/teacher_fwd_time":218.8632733821869}