{"_step":6,"train/response_length":306.15625,"train/student_train_time":8.732383966445923,"train/total_length":584.0625,"train/grad_norm":6.062331676483154,"_timestamp":1.776207057196369e+09,"train/lr":3.857142871765973e-07,"train/global_step":7,"train/teacher_fwd_time":4.301357746124268,"_wandb":{"runtime":294},"train/rollout_time":29.042614936828613,"train/kd_loss":0.16762056946754456,"train/loss":0.16762056946754456,"_runtime":294}