{"train/total_length":1679.9296875,"train/response_length":1409.59375,"train/teacher_fwd_time":20.54402732849121,"train/lr":1.985614261457158e-06,"_timestamp":1.7762514016590312e+09,"_step":8,"train/student_train_time":73.10980033874512,"train/loss":0.005058715818449855,"train/kd_loss":0.005058715818449855,"train/rollout_time":332.10826683044434,"_runtime":4351,"train/grad_norm":0.08948857709765434,"train/global_step":9,"_wandb":{"runtime":4351}}