{"train/teacher_fwd_time":73.4515221118927,"_timestamp":1.7745393150656784e+09,"train/kd_loss":0.28459590673446655,"train/student_train_time":14.300321817398071,"_runtime":779,"train/lr":1.5833333577575104e-06,"train/weight_update_time":6.4373016357421875e-06,"train/gen_len":311.875,"train/tot_len":616.25,"_wandb":{"runtime":779},"train/rollout_time":64.49154496192932,"_step":4,"train/global_step":5,"train/loss":0.28459590673446655}