{"train/global_step":7,"train/weight_update_time":0.3659398555755615,"train/lr":5.869565313787461e-07,"train/teacher_fwd_time":90.43496346473694,"train/grad_norm":9.215789318084717,"train/student_train_time":8.8951575756073,"train/kd_loss":0.36390502750873566,"train/response_length":305.59375,"train/total_length":583.484375,"_step":6,"_timestamp":1.7761584914696956e+09,"train/loss":0.36390502750873566,"_runtime":998,"_wandb":{"runtime":998},"train/rollout_time":18.42940664291382}