{"train/sampling/sampling_logp_difference/mean":0.018168911337852478,"train/learning_rate":3.1707317073170736e-06,"train/rewards/correctness_reward_func/std":1.0690449476242065,"_step":449,"train/completions/mean_length":787.75,"profiling/Time taken: GRPOTrainer.sync_weights":0.42225617399890325,"train/completions/min_terminated_length":433,"profiling/Time taken: GRPOTrainer.format_reward_func":0.0001954139988811221,"train/sampling/importance_sampling_ratio/mean":0.007663394790142775,"train/clip_ratio/high_mean":0,"_timestamp":1.7745242730950665e+09,"profiling/Time taken: GRPOTrainer._prepare_inputs":2.698497747998772,"_runtime":164,"train/num_tokens":189891,"train/global_step":40,"profiling/Time taken: GRPOTrainer.compute_loss":0.17317469000045094,"profiling/Time taken: GRPOTrainer.correctness_reward_func":0.000694571001076838,"train/rewards/format_reward_func/mean":0.737500011920929,"train/sampling/sampling_logp_difference/max":0.5424213409423828,"train/completions/clipped_ratio":0,"train/completions/max_length":1307,"train/rewards/format_reward_func/std":0.36228442192077637,"profiling/Time taken: GRPOTrainer.vLLM.generate":2.0796223059987824,"profiling/Time taken: GRPOTrainer._get_per_token_logps_and_entropies":0.09852418800073792,"train/grad_norm":0.00014972686767578125,"train/clip_ratio/region_mean":0.00095207872800529,"profiling/Time taken: GRPOTrainer.int_answer_reward_func":0.00017706899961922318,"train/completions/min_length":433,"train/rewards/correctness_reward_func/mean":1,"train/completions/mean_terminated_length":787.75,"train/frac_reward_zero_std":0.5,"_wandb":{"runtime":164},"train/rewards/int_answer_reward_func/mean":0.3125,"train/loss":0,"train/sampling/importance_sampling_ratio/max":0.04568145424127579,"train/rewards/int_answer_reward_func/std":0.25877460837364197,"train/sampling/importance_sampling_ratio/min":3.5110826956952224e-07,"train/clip_ratio/high_max":0,"train/completions/max_terminated_length":1307,"train/clip_ratio/low_min":0.00095207872800529,"profiling/Time taken: GRPOTrainer._calculate_rewards":0.006101552997279214,"train/clip_ratio/low_mean":0.00095207872800529,"train/epoch":0.010845986984815618,"train/entropy":0.16331517696380615,"train/reward_std":1.5991069078445435,"train/step_time":8.088640791000216,"train/reward":2.049999952316284}