{"train/rewards/format_reward_func/mean":0.38749998807907104,"profiling/Time taken: GRPOTrainer.int_answer_reward_func":0.00016569199942750856,"_timestamp":1.7745234072047517e+09,"train/clip_ratio/low_min":0.001311762141995132,"train/sampling/importance_sampling_ratio/min":0.05995868518948555,"train/rewards/format_reward_func/std":0.2474873811006546,"train/clip_ratio/high_max":0,"profiling/Time taken: GRPOTrainer.correctness_reward_func":0.0008293850005429704,"train/clip_ratio/low_mean":0.001311762141995132,"train/rewards/correctness_reward_func/std":0.7071067690849304,"profiling/Time taken: GRPOTrainer.vLLM.generate":2.0013410820029094,"train/completions/mean_length":285.875,"train/completions/max_length":327,"profiling/Time taken: GRPOTrainer._get_per_token_logps_and_entropies":0.09653295400130446,"train/completions/min_length":212,"train/clip_ratio/high_mean":0,"profiling/Time taken: GRPOTrainer.sync_weights":0.40737709700260893,"_wandb":{"runtime":64},"profiling/Time taken: GRPOTrainer.compute_loss":0.14102769600140164,"train/rewards/int_answer_reward_func/std":0.1767766922712326,"train/reward":0.7000000476837158,"train/completions/clipped_ratio":0,"train/completions/mean_terminated_length":285.875,"train/global_step":13,"train/num_tokens":62587,"profiling/Time taken: GRPOTrainer._prepare_inputs":2.4146504829986952,"_step":145,"train/epoch":0.0035249457700650758,"train/sampling/sampling_logp_difference/max":0.8281364440917969,"train/frac_reward_zero_std":0.5,"train/learning_rate":9.75609756097561e-07,"train/clip_ratio/region_mean":0.001311762141995132,"train/completions/max_terminated_length":327,"train/sampling/importance_sampling_ratio/max":0.8459796905517578,"train/grad_norm":1.34375,"profiling/Time taken: GRPOTrainer.format_reward_func":0.00018104799892171286,"train/sampling/importance_sampling_ratio/mean":0.31484606862068176,"train/loss":0.0243,"train/reward_std":1.1313709020614624,"_runtime":64,"train/rewards/correctness_reward_func/mean":0.25,"train/completions/min_terminated_length":212,"train/rewards/int_answer_reward_func/mean":0.0625,"profiling/Time taken: GRPOTrainer._calculate_rewards":0.004052542000863468,"train/sampling/sampling_logp_difference/mean":0.014083798043429852,"train/step_time":2.6162650480000593,"train/entropy":0.09405003488063812}