{"train/kd_loss":0.3565293103456497,"train/rollout_time":16.611740112304688,"train/lr":5.869565313787461e-07,"train/teacher_fwd_time":90.71683979034424,"_wandb":{"runtime":1433},"train/global_step":7,"train/loss":0.3565293103456497,"train/weight_update_time":0.3887979984283447,"train/student_train_time":8.72236943244934,"train/total_length":572.59375,"train/grad_norm":9.670974254608154,"_timestamp":1.776154268447994e+09,"_step":6,"_runtime":1433,"train/response_length":294.703125}