{"train/rollout_time":87.33779191970825,"train/teacher_fwd_time":5.890212297439575,"train/response_length":1067.734375,"train/total_length":1334.140625,"train/loss":0.03406238369643688,"_runtime":584,"train/lr":3.1428571389824356e-07,"train/global_step":3,"train/kd_loss":0.03406238369643688,"train/student_train_time":19.32001280784607,"train/grad_norm":0.6642045080661774,"_timestamp":1.7762388952738812e+09,"_step":2,"_wandb":{"runtime":584}}