{"train/kd_loss":0.014159927610307932,"train/loss":0.014159927610307932,"train/total_length":1818.4375,"train/lr":1.3428571037366055e-06,"train/teacher_fwd_time":6.984939336776733,"_step":11,"_wandb":{"runtime":2076},"train/response_length":1545.078125,"train/student_train_time":20.159448862075806,"_timestamp":1.7762423112406049e+09,"train/rollout_time":145.91263389587402,"train/grad_norm":0.29529812932014465,"train/global_step":12,"_runtime":2076}