{"train/total_length":1661.6328125,"train/student_train_time":81.03027129173279,"train/grad_norm":0.6061012595891953,"train/rollout_time":293.33159041404724,"train/global_step":1,"train/loss":0.02984592318534851,"_runtime":896,"_step":0,"train/teacher_fwd_time":25.669898986816406,"train/response_length":1387.83984375,"train/lr":2.6470588920801674e-07,"_timestamp":1.776246758225223e+09,"train/kd_loss":0.02984592318534851,"_wandb":{"runtime":896}}