{"train/teacher_fwd_time":52.018343687057495,"train/rollout_time":48.58013677597046,"train/lr":3.260869476662265e-07,"_step":3,"train/global_step":4,"_timestamp":1.774533215539999e+09,"train/kd_loss":0.29757028818130493,"train/gen_len":244.375,"_runtime":608,"train/student_train_time":9.405229091644287,"_wandb":{"runtime":608},"train/loss":0.29757028818130493,"train/tot_len":527.125,"train/weight_update_time":0.5660610198974609}