{"train/weight_update_time":0.39412546157836914,"train/total_length":587.71875,"_runtime":306,"_timestamp":1.7761309071172056e+09,"train/teacher_fwd_time":89.13815832138062,"train/kd_loss":0.3530443608760834,"train/student_train_time":8.917391300201416,"train/rollout_time":15.382782936096191,"train/grad_norm":11.282830715179443,"_wandb":{"runtime":306},"train/lr":1.5217391080568632e-07,"train/loss":0.3530443608760834,"_step":1,"train/response_length":306.84375,"train/global_step":2}