{"train/student_train_time":8.708094596862793,"_runtime":13290,"train/teacher_fwd_time":4.495152950286865,"train/kd_loss":0.025252469815313816,"_timestamp":1.7762204145986805e+09,"train/total_length":575.484375,"train/global_step":345,"train/lr":1.0002846995149639e-08,"train/response_length":309.03125,"_wandb":{"runtime":13290},"_step":344,"train/rollout_time":23.358044862747192,"train/loss":0.025252469815313816,"train/grad_norm":1.0355541110038757}