{"_timestamp":1.7761494925138636e+09,"_step":2,"train/student_train_time":8.384608745574951,"_runtime":520,"train/response_length":269.5,"train/grad_norm":12.482138633728027,"train/loss":0.40908776223659515,"train/teacher_fwd_time":92.76675176620483,"train/weight_update_time":0.6950881481170654,"train/lr":2.3913043634138376e-07,"train/kd_loss":0.40908776223659515,"train/global_step":3,"train/rollout_time":10.36124563217163,"train/total_length":539.90625,"_wandb":{"runtime":520}}